,Start_Lat,Start_Lng
2889255,41.518190000000004,-73.97878
504096,41.474072,-73.649231
3600152,40.839929999999995,-73.92926
2977655,40.816393,-73.89416700000001
196278,41.511238,-74.207207
1370360,42.906509,-74.56302600000001
3385575,43.19316,-77.591263
1650722,40.845261,-73.913719
3640747,40.681129999999996,-73.69403
2529222,40.622402,-73.93663000000001
2379211,40.900005,-73.796013
3719338,41.31992,-73.98048
2449881,43.051155,-76.145691
3065712,40.845061,-73.91653000000001
2059734,41.509865000000005,-74.074226
3952777,40.781279999999995,-73.9441
376327,40.785072,-73.648865
1632064,43.075024,-76.211922
2342697,40.809532,-73.90303
1282947,41.194447,-73.686211
2523559,40.799492,-73.490967
764490,40.732128,-73.84300999999999
3745555,42.391674,-73.82533000000001
644900,43.13625,-77.588722
1950642,41.025585,-73.731339
3903103,40.60154,-74.060994
2354273,40.740101,-73.845428
2799850,43.05166,-76.1369
1063530,41.408530999999996,-73.786781
2798721,40.841539000000004,-73.928427
1803780,43.193302,-77.592201
2125176,40.844639,-73.275841
3627690,40.62202,-73.98725999999999
1852751,42.838596,-73.673615
848574,43.180939,-77.631737
4124696,40.836490000000005,-73.87673000000001
564393,40.82338,-73.82112099999999
3470727,40.98735,-73.68024
3632190,40.74058,-73.83694
210139,40.9949,-73.87838
2172527,42.154011,-76.821297
2091103,40.928406,-73.839813
3905153,42.513870000000004,-78.73888000000001
1192929,41.116219,-74.11216
4039768,40.80721,-73.23011
2034875,40.67942,-74.00359300000001
3960717,40.769,-73.06154000000001
2821481,43.052620000000005,-76.1507
3852244,40.8138,-73.96512
2547067,43.044216,-76.137817
2043769,41.539314000000005,-73.771141
3609337,40.74838,-73.16331
3547715,43.09244,-76.17163000000001
1608234,41.100173999999996,-73.95307199999999
3101888,43.197342,-77.63497199999999
2654747,43.205101,-77.474625
2395601,43.14996,-77.667702
3360881,41.95345,-73.75425600000001
1098756,40.760345,-73.847931
503790,41.264126,-73.68420400000001
200927,40.603325,-74.066895
1097944,42.949474,-78.702972
1810426,40.745975,-73.278908
3274045,40.823403000000006,-72.98971999999999
886497,41.058102000000005,-73.833344
1114522,42.667122,-73.733002
2407518,43.119667,-76.214989
3171164,40.709291,-73.99423900000001
3931122,42.63725,-73.7564
2879301,41.14873,-73.82392
475880,41.474072,-73.649231
3377572,43.150816,-77.635343
570706,40.711151,-73.727997
1810303,42.971165,-73.792946
1191419,42.771496,-73.975487
4160101,40.79202,-73.92481
3508955,40.836870000000005,-73.87366999999999
1978589,41.579193,-73.909103
1568259,40.702507000000004,-73.321587
199840,40.743854999999996,-73.73268900000001
3131692,42.816199,-78.79211
1411389,41.264046,-73.683937
1519823,43.135738,-77.640739
990415,41.948406,-74.026466
2713996,42.013718,-73.906281
880137,40.722881,-73.827568
1585605,43.11618,-76.217087
742919,40.781566999999995,-73.928055
3617648,40.96049,-73.73999
1358652,43.241779,-77.630707
535717,40.783703,-73.94309200000001
1534340,40.891059999999996,-73.006813
2196141,40.717461,-73.831429
3048687,42.950866999999995,-78.711773
2541583,41.184818,-73.807404
212929,40.987408,-73.670479
2321762,43.101681,-73.64915500000001
1255932,42.906890999999995,-74.562363
911238,40.696838,-73.837158
3917899,42.18002,-76.065676
3335139,40.782569,-73.58519100000001
3098449,43.055853000000006,-76.170428
2972932,41.423846999999995,-73.628771
3098189,40.978811,-73.868161
1002028,40.746658000000004,-73.96934499999999
2792601,40.80901,-73.19754
421564,40.722198,-73.580528
2922224,41.047051,-73.803692
2887541,40.73985,-73.81833
2757245,40.74434,-73.97124000000001
974412,40.923462,-73.823631
2150550,41.05513,-73.810417
915685,40.847923,-73.942825
3969177,40.98493,-73.83861999999999
3996888,42.910070000000005,-78.84351
3277126,43.093309000000005,-75.208271
1211387,40.80492,-73.131279
1830000,40.83593,-73.902924
4192623,41.21164,-73.87881
1192837,42.683223999999996,-73.72177099999999
1824012,43.198318,-77.967209
4180506,40.75065,-73.57329
3959049,43.06193,-76.56036
2403605,43.130772,-77.595337
447097,40.814053,-73.934822
1208730,42.734184,-73.78840600000001
195555,40.666740000000004,-73.801674
868057,42.874249,-78.787849
1265307,40.739986,-73.845398
2520697,43.031867999999996,-76.17536199999999
3996308,40.61025,-74.10509
2772248,40.74296,-73.77881
3166409,40.745783,-73.847933
3324830,41.10628,-73.80725699999999
1101898,43.077,-75.5755
2154389,40.715733,-73.826256
3946398,43.197928999999995,-76.361189
4230064,40.68799,-73.59273
1151128,41.691231,-73.897263
1068365,43.002716,-78.412003
3379860,40.675709999999995,-74.000912
3363607,40.838725,-73.93324799999999
215130,40.774440999999996,-73.671082
2265391,40.97691,-73.758575
1739149,40.689823,-73.563034
477400,41.101841,-73.992195
211643,40.737038,-73.68130500000001
420914,41.399848999999996,-73.591125
212008,41.394402,-73.59630600000001
766158,40.737671,-73.852051
1243478,40.684414000000004,-73.64340200000001
1573425,40.918312,-73.780357
419976,41.293171,-73.870506
1060489,41.375469,-73.800201
197544,40.754799,-73.962135
2659996,41.945591,-74.03008299999999
3998876,42.74288,-73.69744
1457360,40.823212,-73.881233
3398891,43.183840000000004,-77.608195
1104571,40.673840000000006,-73.801582
1422922,40.760452,-73.847717
615407,41.511303000000005,-74.071007
3628638,40.682759999999995,-73.6661
375919,40.781769,-73.649498
2343951,43.029053000000005,-77.96464499999999
3924028,40.84584,-73.9302
1788126,41.625403999999996,-73.774231
3127955,42.933932,-74.320699
990347,42.874264000000004,-78.85849
1395680,41.375668,-73.800034
197220,40.955383000000005,-73.860985
447074,40.876765999999996,-73.906624
2558375,41.139324,-74.169876
1267430,40.762203,-73.624245
219281,40.822083,-73.037323
3617923,40.93287,-73.00904
2265317,43.137778999999995,-77.578262
194739,40.707134,-73.42819200000001
2567590,40.759838,-73.906334
639562,40.725426,-73.53877299999999
581438,40.774349,-73.908203
3123111,43.14051,-77.54119200000001
1990988,42.814873,-78.793076
903712,40.683044,-73.805695
1678759,42.950584,-78.703362
1300098,40.6954,-73.816551
1117259,40.689617,-73.57560699999999
2520729,41.043246999999994,-73.83584599999999
1890166,40.748028000000005,-73.96817
4127892,40.781279999999995,-73.9441
2707246,43.058353000000004,-78.990356
2434833,40.682243,-73.663391
1186626,40.825619,-73.86331899999999
1406383,40.78154,-73.656349
213360,40.70174,-73.991264
2580786,43.052353000000004,-76.179626
908971,41.129833000000005,-73.814674
2998001,40.847934,-73.935634
213358,40.82309,-73.882736
1813479,40.682235999999996,-73.663002
1169500,40.935340999999994,-73.878723
1345921,40.72488,-73.837502
3465290,40.95236,-73.85226
3584474,40.6915,-73.72681
202634,42.790264,-74.015785
1739326,41.118748,-74.15974399999999
2425756,43.139416,-77.668304
3706518,40.739909999999995,-73.84558
1243484,40.744186,-73.77172900000001
2509491,43.061279,-76.56343100000001
828855,41.303165,-73.614586
615447,40.834332,-73.86479200000001
1507144,40.73737,-73.933083
2660182,41.109821000000004,-73.801743
503433,40.744213,-73.771652
1742507,40.788883,-73.188644
328513,42.633990999999995,-73.78278399999999
3587820,40.69903,-73.50950999999999
3424547,40.766321000000005,-73.89406
2947787,43.05066,-78.99034
2037113,41.109790999999994,-73.80143699999999
969964,43.011108,-78.69693000000001
1323140,41.136803,-74.167923
2623538,40.730019,-73.260986
3424358,41.05903,-73.838306
1745661,40.792984000000004,-73.823837
207360,41.012623,-73.850014
3075277,41.516652,-73.973274
2883606,42.91421,-78.76655
2343933,43.120715999999994,-77.745644
836819,41.425835,-73.62799100000001
2220792,40.851543,-73.95208000000001
1499375,40.857288,-73.8368
371123,40.701725,-73.992233
2550249,43.029705,-76.048698
202479,42.742458,-73.697807
2531740,42.975338,-73.861786
3483026,43.15955,-77.5957
4065510,43.032038,-76.650222
3370764,43.051289000000004,-76.14886800000001
2934243,42.119170000000004,-75.94323
4073839,40.78646,-73.79433
3943870,40.797540000000005,-73.40948
3017344,40.834883000000005,-73.866244
2535896,43.202961,-77.649307
3405965,40.93037,-73.852554
610510,43.054745000000004,-77.497253
4079824,42.572377,-79.094735
3651531,40.73324,-73.86713
220936,41.579193,-73.909103
2516863,41.331326000000004,-73.680717
1931608,40.585784999999994,-73.939125
203055,40.740101,-73.845428
712402,41.101688,-73.992386
3935143,42.38228,-74.11761
661072,41.474632,-73.64936800000001
2453320,42.742554,-73.69747199999999
4061763,40.77174,-73.87563
1048622,40.689617,-73.57560699999999
1428522,40.739899,-73.84558100000001
2989568,41.643857000000004,-73.56541800000001
3888645,41.460184000000005,-73.92088299999999
1275476,40.987644,-73.66999100000001
3533931,43.08852,-76.16535999999999
2769104,41.38666,-73.5998
2907690,40.809329999999996,-73.21189
3651592,40.760870000000004,-73.75463
2964588,42.932617,-78.792043
1417843,43.11533,-77.596992
2807783,40.667640000000006,-73.99632
1930153,40.850066999999996,-73.944817
1497212,40.72488,-73.837502
2098352,40.931561,-73.856789
198287,42.515549,-73.78935200000001
2062031,40.843658000000005,-73.895088
2428853,41.299252,-73.885696
1891743,43.053490000000004,-77.60301199999999
2375536,41.511238,-74.207207
3322714,43.083211999999996,-77.60762199999999
1969569,43.171734,-77.628067
2701736,43.163689,-76.235474
2607672,43.030064,-76.175217
1702917,41.952740000000006,-73.51255
206783,41.044399,-73.789703
3073774,40.745469,-73.970404
215957,40.783321,-73.62293199999999
1002006,41.511134999999996,-74.205963
3371379,43.151706,-77.63616800000001
1443726,42.75956,-73.489563
4132915,40.93846,-73.85569
2410186,40.795071,-73.48735
2466590,41.390369,-73.59796899999999
4183483,40.702040000000004,-73.48705
2057202,40.682961,-73.805679
1594183,40.667458,-73.775345
595188,40.782681,-73.943413
3068177,43.157127,-77.643975
197549,41.044810999999996,-73.790459
2083982,40.69062,-73.574799
2946434,43.195303,-73.650003
1295968,42.850071,-78.79052
1973402,40.781677,-73.84594
2680597,42.849899,-78.79026
2229757,43.175533,-77.58731800000001
504740,41.262440000000005,-73.614494
1713011,42.878498,-78.872322
327823,42.413471,-73.681252
1846105,40.866572999999995,-73.357704
839565,42.970295,-73.801781
214649,41.474072,-73.649231
960023,40.584590999999996,-73.960121
3201075,40.776755,-73.92441
3224300,43.198895,-77.63552800000001
3180218,40.732036,-73.345423
2921269,41.035806,-73.722665
195131,41.109790999999994,-73.80143699999999
1610384,41.58876,-73.907692
326655,42.738834000000004,-73.790497
1471363,40.818954,-73.960739
2479308,42.680904,-73.773186
2799035,40.71727,-73.94898
2819913,40.887204,-73.87803199999999
1788074,40.726589000000004,-73.634499
2595196,40.700977,-73.49056999999999
1599597,40.736588,-73.855995
2289337,41.198898,-73.982155
3934231,41.776340999999995,-73.768411
1987572,40.740856,-73.898758
4138679,40.783970000000004,-73.62631999999999
2592211,41.124027000000005,-73.783913
2351472,41.517941,-73.973724
3113648,40.582834000000005,-73.980159
217583,40.845141999999996,-73.92654399999999
3442873,43.13244,-77.65094
1651589,42.693249,-73.828384
215937,42.667244000000004,-73.73311600000001
758910,40.851154,-73.84432199999999
824760,40.78154,-73.656349
2042711,43.094646000000004,-76.167763
3318995,40.603836,-74.052976
1320851,40.719402,-73.945206
326346,40.808601,-73.90975999999999
3175356,42.881015999999995,-78.02941899999999
1813294,43.179961999999996,-77.607933
3454764,42.69341,-73.63486999999999
2879878,40.59297,-73.90811
819673,40.778309,-73.242142
4023454,40.666779999999996,-73.76576999999999
208390,41.276901,-73.930977
1665593,40.71608,-73.826401
4065609,40.76011,-73.96229
3550660,40.783640000000005,-73.54290999999999
1999072,41.383224,-73.582382
219733,41.62608,-73.774475
476289,40.653797,-74.008087
214779,40.768929,-73.690933
1401916,40.750622,-73.819122
1417851,43.153622,-77.511688
2552864,42.81488,-73.956253
214849,40.715733,-73.826256
515250,40.748989,-73.896355
3642778,40.7228,-73.82771
755715,41.948406,-74.026466
2007994,41.437717,-73.916504
1306671,40.643035999999995,-73.876221
925313,40.610271000000004,-74.09742
2193473,41.148933,-74.025017
2986245,43.186106,-77.599524
3496989,43.20345,-77.56187
3371655,40.844731,-73.92514399999999
1352605,43.182747,-77.595535
328553,42.710644,-73.825058
1785170,42.783768,-74.028046
3088484,40.843394,-73.927763
211604,40.666340000000005,-73.787247
982965,43.144917,-77.557571
1092612,43.14127,-76.11179399999999
2198683,40.944096,-73.874329
205198,40.806744,-73.23449699999999
2093495,40.952324,-73.853394
1962287,43.145302,-77.65100100000001
1099576,40.804581,-73.947807
1517797,40.72007,-73.959846
1585738,40.674385,-73.801636
3473014,43.55816,-73.40455
477523,41.792435,-73.65933199999999
3632158,43.03328,-76.16349
2013081,43.053844,-77.615364
3485100,41.079159999999995,-73.92183
203560,41.101711,-73.992599
705758,43.096382,-73.75219
1745460,43.142159,-77.61251800000001
2657268,43.029705,-76.048698
1032237,43.205669,-77.628952
1043519,40.70752,-74.000656
2804519,40.667640000000006,-73.99632
215401,40.845141999999996,-73.92654399999999
533379,43.11652,-77.553719
3951548,40.789838,-73.792139
2198628,42.753029,-73.76899
3373069,41.068067,-74.05498100000001
3419660,40.845468,-73.924099
904493,41.047195,-73.803398
1553222,40.87989,-73.403252
620127,41.11869,-74.16035500000001
1453433,41.670277,-73.788574
3104519,40.8051,-73.920339
2351164,43.000015000000005,-78.853088
2232183,42.898815,-78.76702900000001
3264944,41.917659,-74.044021
574496,40.793526,-73.017136
876754,40.736588,-73.589294
2257010,41.956917,-73.894196
3379808,40.9314,-73.85729599999999
212087,40.94416,-72.87694499999999
1781595,40.844074,-73.897491
3005129,41.319232,-73.718723
206130,41.50816,-73.681664
3986104,41.625291,-74.598624
421128,42.48172,-73.670097
3502343,41.01057,-73.85184
1422832,40.672352000000004,-73.91409300000001
2781990,40.75823,-73.622585
1875367,42.759468,-73.755798
2991700,42.763284000000006,-77.829476
639496,43.116158,-77.811501
1258936,40.692291,-73.81084399999999
1542745,41.740798999999996,-73.77667199999999
1651577,43.071087,-73.751205
1371165,40.886452,-73.895081
2389349,43.158455,-77.732399
219512,41.131752,-74.167831
194573,41.078693,-73.985123
3460279,40.67369,-73.84334
1148554,40.737709,-73.934792
3634424,41.5921,-73.76479
4086645,40.710681,-74.002721
792435,40.81279,-73.13369
1526224,40.739540000000005,-73.845291
203513,40.715733,-73.826256
3097250,40.90299,-73.793532
3363055,40.844796,-73.905512
664764,41.25378,-73.808739
2150520,40.665539,-73.953682
1792384,43.152233,-77.633354
1791709,40.745571000000005,-73.27894599999999
1001872,43.235465999999995,-73.69234499999999
2935363,42.7537,-73.9332
2378203,43.147240000000004,-77.558014
3344810,43.178227,-77.683362
2636436,43.139877,-77.62894399999999
1785299,40.850066999999996,-73.944817
3452592,42.97876,-75.93426
2919199,40.94441,-72.87602
1953087,40.849796000000005,-73.943398
2657111,43.1852,-78.926224
3893112,43.7957,-75.48656
3951172,42.6893,-73.84248000000001
1720100,40.806961,-72.94420600000001
1555489,41.098362,-74.036316
1905883,41.312157,-74.148186
1130688,40.760345,-73.847931
1706478,40.610939,-73.95321700000001
2825552,40.935109999999995,-73.83635
1501612,41.474312,-73.649399
1833070,40.661201,-73.770973
3483438,40.70239,-73.86046999999999
4004669,42.198099,-73.736082
1837505,43.195107,-77.608971
3967617,40.970841,-73.869606
3992575,42.853057,-78.790339
3278454,43.268997999999996,-73.837598
1953095,41.095577,-73.936325
2793242,43.07246,-74.69256
1616336,40.783333,-73.624687
1177260,41.237679,-73.851112
1352671,40.64072,-73.883461
2080032,43.18734,-77.659088
2075369,42.950584,-78.703362
2428771,40.809146999999996,-73.193634
2452814,40.736729,-73.93010699999999
3925388,42.66965,-73.73751
929089,40.663158,-73.962418
196559,41.035675,-73.816696
2798356,42.66983,-73.73818
1199925,43.364101,-75.719948
2756655,40.76011,-73.96229
3450400,43.164190000000005,-77.63383
4160701,40.84383,-73.8956
475702,40.763046,-73.624748
648876,41.389912,-73.59816
1090123,40.802498,-73.931381
1275387,43.268677000000004,-77.664474
3768673,42.84163,-74.0045
2497454,42.933796,-73.582748
202691,41.214432,-73.810539
477899,41.383224,-73.582382
2792621,40.72705,-73.88875999999999
3910975,42.78703,-74.01394
1765015,43.092898999999996,-77.681259
1104658,41.357368,-73.638199
2010902,43.058289,-76.083656
2711382,40.714493,-73.976715
4158165,41.52082,-74.01019000000001
2086391,40.754288,-73.723045
2337468,43.225365000000004,-77.890152
736125,40.767799,-72.85186
3136005,43.30687,-78.836647
796552,43.27935,-77.75
909025,40.825577,-73.23738900000001
2751353,43.05308,-76.15111999999999
1781499,42.8283,-78.791069
3042381,40.791576,-73.518112
2523533,40.68581,-73.57292199999999
1290413,40.717940999999996,-73.986641
2564046,42.909088,-78.766571
2031088,43.160191,-77.592751
2823288,40.65422,-74.00791
1164499,40.726879,-73.556374
3972492,40.785,-73.94091
3054341,40.682748,-73.66598
3450395,43.176790000000004,-77.54491999999999
3034641,41.802688,-74.052132
859374,40.700916,-73.989326
3422138,40.832351,-73.931797
4026850,40.60626,-74.03226
4173335,40.84005,-73.92905999999999
1593440,41.135605,-74.16834300000001
1087391,41.298164,-73.823616
3062437,43.146313,-77.597183
1151042,40.772202,-73.626717
2520505,42.9025,-78.900612
4105756,41.808089,-74.568333
3228363,42.438371999999994,-73.55485
328185,40.862221000000005,-73.899612
372658,40.602612,-74.065414
2086272,43.199078,-77.57701899999999
2425707,42.968315000000004,-77.59172099999999
3282799,41.004745,-73.694383
220142,40.779732,-73.66188000000001
2244690,43.112152,-75.20536
2689367,41.062709999999996,-73.86224399999999
2874602,40.65406,-74.00782
4102448,41.671018,-73.960391
200902,40.653835,-73.566811
194958,41.954811,-73.514359
1339751,40.832645,-73.95034799999999
3905247,40.68714,-73.71784
2225981,42.790496999999995,-74.015869
2415859,43.06282,-76.144035
2531878,40.737968,-73.792999
1634362,43.229884999999996,-75.43989599999999
886518,40.809189,-73.212303
2110437,40.68634,-73.979034
326999,42.546436,-74.810585
2142646,41.032425,-73.752663
1716463,42.949135,-78.763878
1899328,40.987705,-73.67675799999999
3186297,42.089921000000004,-76.230643
422629,40.783321,-73.62293199999999
2563443,42.334724,-79.59034
206112,42.667244000000004,-73.73311600000001
2506451,41.311023999999996,-74.122162
884115,43.171169,-78.696861
214434,41.045704,-73.769485
2415960,40.758068,-73.62278
3516593,42.73809,-73.6992
1703654,41.354927,-73.97359499999999
3625015,43.217420000000004,-77.75269
1648504,40.809216,-73.903198
559708,42.997337,-78.807114
4037234,40.636635,-74.076226
4183049,40.693711,-73.811213
1504628,40.732738,-73.86844599999999
2560979,40.764252,-73.840019
3393729,40.769589,-73.70839699999999
475742,40.725842,-73.28694200000001
1365717,43.19471,-77.628777
928241,40.847919,-73.942825
2921365,43.00212,-78.94341999999999
1401816,40.845345,-73.91350600000001
3393542,40.748214000000004,-73.7598
2947922,40.74296,-73.77881
200903,40.797298,-73.342377
1401855,40.785664000000004,-73.98410799999999
659669,40.802440999999995,-73.441078
2400719,43.060604,-77.519661
2784188,40.713007,-73.96983900000001
3993860,41.00217,-73.72315
2145108,43.155361,-77.614098
1991119,41.428787,-73.804573
1319342,41.25378,-73.808739
1315036,41.076988,-73.984169
2425719,43.091133,-76.169632
3005467,40.909277,-73.786464
2922685,40.727445,-73.929406
2567466,42.627697,-73.700615
2007977,42.759907,-73.763725
3297936,40.792277,-73.50672800000001
1955675,40.938488,-73.855705
2503751,40.923061,-73.822807
2701591,43.004833000000005,-78.948212
2777645,40.84507,-73.91626
2293615,40.622326,-74.096397
613849,40.740604,-73.841385
1384363,40.650089,-73.68987299999999
1657297,43.086788,-77.605743
2783877,40.85535,-73.17375
1772056,43.061066,-76.564499
2809358,40.95833,-73.79723
3487112,43.160309999999996,-77.46300000000001
217429,40.794853,-73.932648
446442,41.099434,-73.797905
1132904,42.999446999999996,-78.85311899999999
1734956,42.978516,-77.232529
2714166,40.740101,-73.845428
2514041,40.719112,-73.94581600000001
370742,40.561459,-74.112259
198763,41.539181,-73.772102
3519716,40.828379999999996,-73.94913000000001
204287,40.836418,-73.873695
3774041,42.693020000000004,-73.82659
3204574,41.099977,-74.060476
3484965,43.17174,-77.62805
3090313,40.818489,-73.293968
1104749,40.639107,-74.0215
822265,40.847919,-73.942825
3484917,43.14379,-77.63605
1576086,40.836288,-73.872711
2360889,40.702404,-73.427132
644938,41.389912,-73.59816
1495671,41.467999,-73.821159
2535885,43.21389,-77.518028
1404064,40.951599,-73.852814
2147849,41.070595000000004,-74.053658
476009,40.824448,-73.872597
2154367,43.194988,-77.629082
2070996,41.318253000000006,-73.859299
2749111,41.29555,-73.93385
3396103,43.175709999999995,-77.580717
2865521,40.732079999999996,-73.87064000000001
3768749,40.81116,-73.93122
204335,40.741817,-73.78295899999999
197410,40.742344,-73.825478
3438137,40.65028,-73.86832
3114686,43.131338,-77.47584599999999
1493143,42.827888,-78.791336
2934563,41.07829,-73.80046999999999
3072808,40.730963,-73.92624
2497477,41.079632000000004,-73.921959
327997,42.250465000000005,-73.884209
4042572,42.83435,-73.48514
1486207,40.82391,-73.11219799999999
3031820,42.792674,-73.762367
375454,41.409637,-73.78675799999999
2659983,42.39365,-73.824783
3717687,40.8259,-73.85955
4147196,40.786840000000005,-73.82386
4120362,42.4679,-79.27549
3468999,40.7348,-73.28976999999999
1891895,41.386101000000004,-73.600098
3994344,40.781279999999995,-73.9441
3368519,40.705987,-73.45739
1308152,42.753384000000004,-73.932549
503844,40.987705,-73.67675799999999
1428537,40.820919,-73.88906899999999
1720057,42.759064,-73.76218399999999
198717,42.367046,-73.704948
1123126,42.980289,-77.675751
1725466,43.068668,-77.61245
1527642,40.732391,-73.843216
888622,40.607201,-74.162399
3358559,40.783234,-73.623408
2496759,41.550636,-73.59164399999999
906659,40.674561,-73.58287
3780363,41.73811,-74.37731
1787963,43.161972,-77.63076
2652014,43.108086,-73.599319
3352844,40.741914,-73.823422
423020,41.791389,-73.68499
446850,40.822697,-73.949463
3383118,40.815356,-73.088704
4064833,40.75647,-73.62103
1704202,41.135605,-74.16834300000001
198204,42.600567,-73.517075
1104489,43.14975,-73.506699
805653,43.090610999999996,-78.69686899999999
2229745,43.199078,-77.57701899999999
2586327,40.602894,-74.065292
2934108,43.36165,-73.7033
3681321,40.82483,-73.93104
576340,43.297191999999995,-77.718971
2824290,40.828465,-73.839603
1250455,40.73708,-73.671173
908839,43.10767,-77.57624799999999
2660044,43.090828,-77.515259
2820327,40.741541999999995,-73.951728
873484,42.874249,-78.787849
2523503,40.785216999999996,-73.444489
1582775,40.549957,-74.219177
1552499,40.845653999999996,-73.931679
218542,40.743244,-73.837616
200438,40.756107,-73.838409
4156045,40.70663,-74.01469
2693296,41.079632000000004,-73.921959
504139,40.747505,-73.876778
1594170,41.100173999999996,-73.95307199999999
1002009,41.408530999999996,-73.786781
1720202,40.740398,-73.845711
1345846,40.640759,-74.094788
1478063,40.818707,-73.062263
904994,41.874275,-74.796555
3043165,41.491939,-73.803678
1368365,40.798279,-72.852661
504614,40.987705,-73.67675799999999
4113963,42.970602,-73.80059
2226009,43.110226000000004,-77.599937
201719,40.886654,-73.815353
2020203,42.849464000000005,-78.790611
4168787,40.763009999999994,-73.69278
1339454,42.868401,-78.831551
2170163,40.768719,-73.69178000000001
2372650,43.219978000000005,-77.967003
1642906,42.985615,-78.913414
1693275,43.35191,-75.76780699999999
374224,40.927986,-73.840195
4176737,42.583529999999996,-73.6782
666769,40.797619,-73.341904
2693222,43.053658,-76.170547
1300229,40.913471,-72.661568
2822860,40.92842,-73.84141
2201525,40.669277,-73.73850999999999
2147790,40.895728999999996,-73.874802
766157,41.580887,-73.777214
2225969,43.121845,-75.230499
2110391,40.598511,-74.091927
372518,41.05666,-73.835388
782045,40.805134,-73.266266
3316908,43.144822999999995,-77.71731700000001
3528882,42.84733,-78.7917
2908409,41.311954,-73.693116
3578869,40.74309,-73.83948000000001
2713992,42.067303,-74.07324200000001
1691030,40.690933,-73.999214
2821395,41.10346,-74.02443000000001
200281,42.694115000000004,-73.830246
2509507,41.103477000000005,-74.013145
2875711,43.04343,-78.98886999999999
553423,40.809898,-73.378662
3216131,40.690172,-73.57079300000001
2415856,43.157482,-77.538765
328593,40.632571999999996,-73.991089
475054,41.035675,-73.816696
3250889,42.237738,-73.73137
2289299,43.108364,-77.439491
905012,43.14991,-77.69096400000001
649458,43.092490999999995,-75.747017
2601538,43.074321999999995,-78.990608
4231085,40.897690000000004,-73.79689
626761,42.874653,-78.78823100000001
660922,43.059368,-75.37359599999999
1573310,43.183788,-77.608177
2240455,41.293171,-73.870506
2822846,40.849920000000004,-73.94408
812319,40.842258,-73.40424300000001
1691011,41.374023,-74.61299100000001
1265194,42.869499,-73.837677
1527524,43.238361,-77.646851
2325321,40.84454,-73.90265699999999
736093,40.674797,-73.801956
530063,40.639107,-74.0215
1493349,41.544391999999995,-73.872498
3556003,40.76873,-73.94898
2043649,40.748959,-73.263313
1342092,40.755119,-73.616325
847592,43.179199,-77.680603
2253065,40.984795,-73.838646
375223,40.794117,-73.21923100000001
727064,43.0177,-78.18731700000001
1612812,43.170959,-77.615044
1821249,40.859333,-73.083427
1401765,43.156773,-77.683243
1078295,40.846272,-73.266449
2021051,42.691963,-73.82414200000001
2654748,43.160618,-77.654137
3462403,43.104240000000004,-77.62782
203751,40.754288,-73.723045
4056057,40.597053,-74.08530999999999
2901789,43.14762,-77.70928
1032442,40.98418,-72.539192
2158594,42.72715,-73.79915600000001
1099592,40.629696,-74.01696
199734,41.392807,-73.59494000000001
1087379,43.174671000000004,-77.62153599999999
3371825,41.295826,-73.933363
2466776,40.643242,-73.876137
1758847,42.966423,-75.25052600000001
203755,41.337269,-73.77151500000001
3387550,42.828788,-73.99289
1117165,43.096336,-77.798576
1695961,40.845653999999996,-73.931679
1908639,40.72699,-73.374825
952046,43.265934,-77.875168
2917681,42.36312,-73.83174
857182,40.782681,-73.943413
2766235,44.29251,-74.72071
2796541,40.739540000000005,-73.72505
3402313,42.749272,-73.712521
2695999,41.539314000000005,-73.771141
1314971,40.726006,-73.475227
3242064,41.195155,-73.686501
2021814,40.748028000000005,-73.96817
3996441,41.239975,-74.028777
2293316,43.004833000000005,-78.948212
326509,40.762215000000005,-73.75703399999999
326460,40.822365000000005,-73.887215
3347791,41.823415999999995,-73.770714
1683283,40.628849,-74.16040799999999
1691065,41.081738,-73.92313399999999
4124218,40.72531,-73.76988
2780280,40.58603,-73.93675999999999
1080914,40.585838,-73.96662099999999
2795640,40.76292,-73.86065
1785236,40.766940999999996,-73.88765699999999
588733,40.692291,-73.81084399999999
1213805,40.84383,-73.895599
3200086,40.839597999999995,-73.87289100000001
2782431,41.02158,-73.72784
1075703,41.20903,-73.73603100000001
447602,40.903477,-73.850334
2139064,42.928207,-78.89872
1971934,41.671040000000005,-73.76320600000001
209756,42.704945,-73.85350799999999
660330,40.737709,-73.934792
2958856,43.153396,-77.50627800000001
1753284,43.103992,-76.185936
554475,40.81369,-73.112
1235420,40.63586,-74.018005
874101,40.701736,-73.991577
2354975,43.102757000000004,-77.69345899999999
1698316,40.994431,-73.659492
207322,40.917049,-73.781097
519205,40.904758,-72.956841
1075610,43.095141999999996,-76.16468
1695879,42.972778000000005,-77.550987
1292552,40.716751,-73.963379
204230,40.831905,-73.935287
720103,40.842842,-73.825592
2544389,43.127987,-76.079773
3531395,43.03516,-76.17429
220432,40.900005,-73.796013
3316572,41.531063,-73.801451
215860,40.797298,-73.342377
215925,40.861794,-73.912689
3887045,40.8167,-73.57359
476129,40.691928999999995,-73.810722
2069052,41.625403999999996,-73.774231
3205513,40.657037,-73.641334
218584,41.079632000000004,-73.921959
376227,42.672546000000004,-73.739983
3331062,40.824031,-73.872401
2798716,40.58424,-73.93104
2259557,40.784355,-73.930061
1243485,40.844788,-73.92546800000001
1017345,43.252895,-77.66791500000001
2249993,42.932564,-78.76619000000001
1654399,43.106590000000004,-75.23846400000001
2057086,43.110828000000005,-77.50703399999999
2534372,40.737286,-73.851784
3163376,43.079644,-75.1104
3138735,43.103384000000005,-75.23974
3550404,43.128029999999995,-77.61576
3236808,43.14227,-77.586198
1148563,40.684978,-73.85025
554516,40.65279,-73.959801
1307385,42.421192,-73.548874
1944111,42.694846999999996,-73.838966
2821477,40.60787,-74.13564000000001
1667019,40.63282,-73.723877
2510021,42.083659999999995,-73.973038
3883218,42.05958,-76.33048000000001
1704097,40.828045,-73.934853
194603,40.720882,-73.940872
3281210,42.74762,-74.15854
3545053,42.86697,-73.89154
2008828,40.643242,-73.876137
2693042,42.945187,-78.766335
1820525,41.094322,-74.038963
2693308,41.31805,-74.174683
580518,42.461323,-79.305931
1837493,43.121117,-77.619148
1659940,42.783463,-74.02810699999999
204342,41.424942,-73.62655600000001
208462,40.609493,-74.150421
219563,40.951782,-73.745506
2284272,43.124718,-77.61782099999999
2714048,43.124844,-77.61425799999999
194380,40.946327000000004,-73.849701
1742426,43.187355,-77.65933199999999
4091178,40.84005,-73.92905999999999
845516,43.191769,-78.687027
727079,40.792609999999996,-73.192543
3600097,40.84394,-73.89755
1120288,43.001141,-77.670395
1795251,40.989391,-73.67456800000001
196768,41.101711,-73.992599
1450946,40.704239,-73.386337
935488,42.972488,-78.912552
4179122,40.83263,-73.85866999999999
1981060,43.112266999999996,-75.20575699999999
4101330,40.705870000000004,-73.8181
1350436,40.610015999999995,-74.033699
3052384,43.125253,-75.34437700000001
2959059,43.094592999999996,-75.193889
2784806,40.80702,-73.9338
2468918,43.140907,-73.697304
2806548,42.7537,-73.9332
1090161,40.679778999999996,-74.005234
1310297,43.157139,-77.6064
205887,40.765984,-73.987122
2763656,40.62899,-74.0173
2587557,41.318611,-73.748428
2453385,40.850066999999996,-73.944817
3016899,43.110512,-75.20760600000001
562704,41.512169,-74.069778
1072807,43.081348,-77.624641
1464946,41.321999,-74.085197
1640573,40.79937,-73.488579
2001369,43.159584,-77.595428
758877,43.22044,-77.821968
475022,41.327698,-73.655746
3417388,40.804695,-73.926541
712923,40.918858,-73.779472
2205545,40.969318,-73.77409399999999
1877012,40.67942,-74.00359300000001
651981,40.752251,-73.820839
205576,40.828316,-73.93111400000001
2824548,40.73186,-73.3232
526512,40.701736,-73.991577
210724,40.758129,-73.777374
4091719,40.696172,-73.804464
3298500,41.690829,-74.077838
899014,43.234161,-75.286636
200675,41.579983,-73.809021
1876191,40.815113000000004,-73.934143
217228,41.237679,-73.851067
2953899,41.308840000000004,-74.02533100000001
1769335,42.489025,-73.677063
3222337,42.2751,-79.715434
938571,43.163559,-77.608994
899020,42.753242,-73.93235
2825429,40.74324,-73.83293
3473033,42.39395,-73.41211
207151,42.705040000000004,-73.85374499999999
3111855,40.830051,-73.83325500000001
207862,41.776428,-73.768349
2150386,43.008984000000005,-77.439217
2142759,41.311218,-74.121864
2250273,40.735455,-73.859848
1314954,40.820396,-73.05439
503992,40.740101,-73.845428
2610606,41.350437,-73.75273100000001
3713292,40.739940000000004,-73.81858000000001
3050098,40.691990999999994,-73.551312
1363640,40.702549,-73.611603
1195427,40.694168,-73.54345699999999
371801,40.75993,-73.70371999999999
1856752,40.737007,-73.931702
2407650,40.740101,-73.845428
2434619,43.151565999999995,-77.57060200000001
4193983,42.97833,-77.22825
1659931,41.946774,-74.028503
2080050,40.667114,-73.995918
4076836,43.13282,-78.71063000000001
3946968,41.08375,-73.71759
197129,41.347609999999996,-73.64994
210976,42.6824,-73.784927
3476036,40.6664,-73.80175
688027,40.951599,-73.852814
2999318,40.727165,-73.374177
3290509,40.784543,-73.633021
4180977,40.93117,-73.83859
964373,40.754902,-73.776207
3856160,40.92795,-73.76843000000001
657743,42.783257,-74.027924
644985,40.686619,-74.000298
1441453,40.689751,-73.56755799999999
1422738,41.518028,-73.97438000000001
421424,40.828316,-73.93111400000001
1060643,40.716099,-73.82605
2976266,40.694542999999996,-73.726802
1179769,40.682384000000006,-73.66362
982513,41.011928999999995,-73.702141
2660154,40.725784000000004,-73.837631
1591028,43.168171,-77.543022
2861675,40.72797,-73.75262
1328056,40.845737,-73.931702
4192067,41.160956,-74.184712
983907,40.742561,-73.47223699999999
717212,42.627708,-73.700638
3097845,42.741169,-73.912908
198688,41.366753,-73.610153
1462425,41.086643,-73.989311
944881,41.036434,-73.77941899999999
199880,42.571853999999995,-74.353432
3306827,40.694869,-73.99864000000001
1735849,40.789584999999995,-73.822479
1473622,43.044067,-76.14253199999999
674199,40.774840999999995,-73.829437
3153974,43.134802,-75.598007
3587825,40.69903,-73.50950999999999
996701,42.647129,-73.711166
513730,40.610912,-74.11635600000001
1632189,41.042675,-73.836166
1591019,41.776367,-73.76816600000001
2544594,40.804005,-73.913391
3948960,44.196245000000005,-75.065162
3547697,43.06292,-77.51974
712861,42.862576000000004,-73.778679
4053707,41.12591,-73.81178
3413752,41.428553,-73.57722
477134,41.972896999999996,-73.920815
328595,41.34721,-73.650063
196169,41.937492,-73.883461
1117170,40.78949,-73.82238000000001
2577991,40.783321,-73.62293199999999
2578577,41.130348,-73.814636
1167232,40.654369,-73.580139
2975825,42.803968,-74.018036
4145841,40.693884000000004,-73.81159699999999
1177174,40.824482,-73.83612099999999
2930700,40.69057,-73.99886
1208799,40.74762,-73.277557
2250253,40.849674,-73.942818
1296202,40.778641,-73.257561
3243805,42.888364,-73.772829
1261008,41.100025,-73.9534
2884241,40.76876,-73.88205
612216,40.610645,-74.031349
1558639,40.666069,-73.841408
1009000,43.215969,-77.44664
3207331,41.775911,-73.701842
1777710,40.610584,-74.032516
202349,40.768719,-73.69178000000001
2957480,40.925344,-73.828499
2511030,41.264469,-73.529701
214140,41.823513,-73.770752
722566,40.804325,-73.280548
3231585,43.151208000000004,-77.585666
2823578,42.74107,-73.69189
845517,43.061111,-78.85301199999999
2948734,40.74792,-73.76013
2225997,43.087143,-77.604988
2821061,40.722182000000004,-73.53649899999999
2112814,43.130085,-77.60120400000001
1739300,40.693489,-73.394669
1731316,40.683792,-73.40924100000001
757647,42.761654,-74.11438000000001
3822404,40.76225,-73.72901999999999
641401,40.691559000000005,-73.998795
421296,41.062709999999996,-73.86224399999999
1429884,43.15675,-77.558929
1742493,40.851543,-73.95208000000001
2954641,42.679682,-73.768265
374991,40.778793,-73.943352
1413448,40.824341,-73.872566
2064360,40.794506,-73.282333
1208895,40.837975,-73.88018000000001
722529,43.17181,-77.62178
1936549,42.967663,-76.85239399999999
758866,43.125397,-75.241982
421965,40.787964,-73.524727
3015754,43.123046,-77.62954
4151164,42.46371,-79.29899999999999
3027962,41.843962,-74.05898499999999
1273287,40.78154,-73.656349
2691925,40.987289000000004,-73.67047099999999
846570,40.875591,-73.156258
203151,41.148933,-74.025017
2351456,40.845141999999996,-73.92654399999999
2639411,43.087231,-76.16394
375098,40.721066,-73.759438
3037242,42.994941,-78.16428499999999
374508,40.885963000000004,-73.896713
655875,40.680519,-73.92858100000001
2620683,41.263958,-73.626778
3953430,42.92989,-78.82918000000001
1032333,41.474632,-73.64936800000001
1558511,42.757645000000004,-73.73808299999999
1788079,40.755759999999995,-73.688393
213662,40.687903999999996,-73.62529
2407594,40.702888,-73.869141
1654492,40.753708,-73.743202
213653,40.823811,-72.792435
1048596,40.699863,-73.506378
2262351,40.820972,-73.95881700000001
3511728,41.119859999999996,-74.00546
1374310,40.771591,-73.871239
206236,42.489471,-73.678101
4164561,40.73525,-73.91933
1484059,40.76696,-73.88760400000001
1568084,42.46413,-73.396652
196888,40.759762,-73.960991
504711,40.610584,-74.032516
2919602,40.799948,-72.78815
3658996,40.70632,-73.42983000000001
2434558,42.694115000000004,-73.830246
1499408,40.726482,-73.757263
3034838,43.155781,-73.759231
1863444,41.195,-73.686195
3652234,40.69446,-73.39242
3620138,43.1869,-77.70151
475242,40.820328,-73.8908
3991571,43.19491,-77.58658
2458944,43.329784000000004,-73.683685
375914,40.642326000000004,-73.640343
3480846,43.13622,-77.57551
3039819,40.729719,-73.83388599999999
505313,42.760517,-73.756508
757654,43.111233,-77.50676
1835971,41.474072,-73.649231
3776892,40.82099,-73.9345
2140021,42.902637,-73.78671999999999
1208856,41.068497,-73.768913
1330374,40.755119,-73.616325
3760735,40.6828,-73.6605
1975883,43.026447,-73.792465
2800169,43.05405,-76.1529
210479,42.083659999999995,-73.973038
1450870,42.356609000000006,-73.600479
1536730,43.17094,-77.582497
419978,40.616325,-74.026276
2689257,43.175686,-77.630112
3581570,43.21219,-77.71822
3077614,43.130986,-77.646415
3465047,40.69551,-73.51954
3957511,42.63896,-73.75379000000001
2626427,43.112701,-75.267517
3307713,41.824532,-73.77161600000001
374822,40.725784000000004,-73.837631
2875479,40.719359999999995,-73.40666999999999
1555371,43.1408,-77.61350300000001
210135,41.032425,-73.752663
890765,40.619545,-74.02346
2213966,40.66695,-73.838768
1120406,41.05534,-73.81034100000001
3614064,42.92008,-73.34939
1482634,42.695141,-73.83878299999999
1751700,40.837418,-73.880608
2043654,41.625403999999996,-73.774231
200582,40.783221999999995,-73.65418199999999
2784695,40.84478,-73.90484000000001
1365715,43.190002,-77.503845
2380328,42.667458,-73.73140699999999
2216505,42.849899,-78.79026
3350303,40.700987,-73.994582
194949,41.274696,-73.575027
1934146,41.062709999999996,-73.86224399999999
204074,41.162476,-73.861572
4096575,42.77406,-73.69658000000001
923399,40.802498,-73.931381
3398368,42.874499,-78.857148
3539305,43.12378,-75.58574
3716093,40.83027,-73.8368
373538,40.728367,-73.10153199999999
572359,42.917858,-78.81369000000001
3295336,40.783878,-73.652611
3406429,42.697666,-73.837727
4035231,43.285938,-75.182019
1270853,43.05843,-77.676079
372916,42.710644,-73.825058
3267977,42.893421999999994,-78.893111
447494,41.079632000000004,-73.921959
1290334,40.81245,-73.931076
3397909,43.121446999999996,-77.628099
2198631,43.094669,-76.05381
512293,40.702853999999995,-73.960342
3105364,41.267856,-73.934136
2201337,42.108864000000004,-73.817101
3241368,42.938039,-73.87423000000001
1708927,43.0173,-74.99006700000001
1851947,41.581016999999996,-73.92935200000001
220005,40.787964,-73.524727
2026465,43.139977,-77.582138
1519905,40.739868,-73.845551
1648429,40.596385999999995,-73.907646
3924618,41.846241,-74.059445
700293,40.805714,-73.90947
3286725,42.567391,-77.693854
196840,42.742554,-73.69747199999999
4083542,40.73752,-73.85096
884301,43.153679,-77.494537
477862,40.789584999999995,-73.822479
1813233,42.521770000000004,-73.789055
2240444,40.824448,-73.872597
1043388,40.820919,-73.88906899999999
3174339,40.796702,-73.47124000000001
2979046,42.10286,-78.503268
548313,40.844788,-73.92546800000001
3412242,40.933073,-73.856524
3661196,40.75974,-73.95789
3536601,43.13685,-76.20809
1573331,43.18639,-77.616913
3128616,43.141940999999996,-77.61998299999999
2707834,42.655415000000005,-73.820663
3067406,41.261183,-74.158004
888439,43.101742,-75.294632
1810300,41.825043,-73.772102
2657297,43.210770000000004,-77.594933
209651,40.931561,-73.856789
2403589,43.004847999999996,-76.18383
1560943,42.972729,-78.912498
651890,43.316795,-77.72818000000001
880068,40.739872,-73.845573
2775273,40.60154,-74.06098100000001
505226,41.101711,-73.992599
2775698,41.2362,-74.03223
1579907,40.871761,-73.890984
2538818,40.73904,-73.815155
2509526,41.139324,-74.169876
3790059,40.68525,-73.88815
1320897,40.57164,-74.111908
447148,41.428554999999996,-73.577225
1638086,40.667156,-73.73957800000001
1765116,40.817314,-73.247421
1870182,43.252941,-77.677689
1624873,40.756565,-73.550484
1308141,42.159328,-73.746811
1148507,40.693401,-73.394623
2577315,42.687412,-78.93692
4004673,43.433141,-73.28349
2311930,41.045704,-73.769485
1995999,40.824448,-73.872597
3357131,41.298390000000005,-73.936153
639500,43.16465,-77.661728
3632452,40.7694,-73.27976
1427119,43.066559000000005,-73.934692
3289945,40.848175,-73.936188
544492,43.020302,-73.79126
1048714,41.526691,-73.965553
1211449,40.785343,-73.444313
3008861,41.299871,-73.886414
1395532,42.339394,-79.587891
3020198,43.231151000000004,-73.691959
1024319,43.033878,-76.058868
2937653,40.81624,-73.08
2884698,40.837340000000005,-73.88006999999999
3704061,40.8453,-73.928
204681,40.806744,-73.23449699999999
3083584,40.804381,-73.91829399999999
2592337,40.74321,-73.473885
679696,41.025887,-73.73056
326726,41.295223,-73.677246
3300764,41.098748,-74.03745500000001
2428716,43.058292,-76.08377800000001
2360997,40.828316,-73.93111400000001
2809720,41.07731,-73.71823
801169,40.610645,-74.031349
2468917,41.928501000000004,-73.76209300000001
202375,40.987705,-73.67675799999999
1315084,40.68227,-73.66323100000001
1782536,43.003009999999996,-77.668846
1360981,43.160255,-77.74715400000001
1145005,40.715809,-73.826637
2523337,43.146065,-77.605492
4004643,43.14465,-78.782678
423389,40.83593,-73.870201
666882,40.584137,-73.986641
3124791,41.581092,-73.908885
1376439,40.806430999999996,-73.908539
1539943,40.748604,-73.75827
211727,41.09066,-73.990433
1978470,40.825893,-73.859528
2336731,40.755348,-73.96167
1462386,41.310806,-74.12735
1984554,42.814873,-78.793076
1182046,43.1576,-77.604309
2286917,40.836418,-73.873695
200568,41.517941,-73.973724
1640668,40.819443,-73.934296
327536,40.735896999999994,-73.182114
194503,42.686809999999994,-73.802849
1206413,40.93639,-73.807358
3590683,40.745129999999996,-73.08793
3516643,43.06064,-76.06663
536452,41.016445000000004,-73.724747
1767670,43.008984000000005,-77.439217
929330,40.82436,-73.872375
2298965,43.213169,-77.629829
2654688,41.973537,-73.908241
2170045,43.20385,-77.547546
1840371,41.008331,-73.697777
1117145,43.175831,-77.576149
3106686,40.988479999999996,-73.666365
1243479,40.774260999999996,-73.260017
219866,40.691646999999996,-73.999306
2268304,40.716026,-73.732132
2357988,40.682243,-73.663391
1308319,40.671364000000004,-73.514526
204904,40.917049,-73.781097
2765193,41.031707,-73.751681
1384260,43.167229,-77.581238
2538666,43.206711,-77.675842
3346263,42.974277,-77.17939399999999
1704045,42.007149,-73.52549
1989655,41.856846000000004,-73.88430799999999
219986,41.428554999999996,-73.577225
681330,40.619545,-74.02346
2476885,42.767154999999995,-73.630371
815403,40.757252,-73.739479
548316,41.577839000000004,-73.813751
3348538,40.804381,-73.91829399999999
3074736,40.780359000000004,-73.601628
1991109,41.409637,-73.78675799999999
2763998,40.67678,-74.00142
1371124,41.803669,-73.63874100000001
2792021,42.69574,-73.70931999999999
2162344,42.967884000000005,-73.801926
198682,41.320045,-73.990036
2821666,40.7388,-73.84867
1411388,40.727497,-73.929047
2244801,40.70174,-73.991264
3268668,40.709571999999994,-74.001594
2880925,40.79763,-73.92004
4036230,41.383628,-73.800188
853859,40.848389000000005,-73.41153
2804008,42.95067,-78.70772
1135793,40.775372,-73.909622
1208762,43.14172,-77.581078
3230853,40.814103,-73.933861
4224687,43.002252,-78.942864
3888571,40.81573,-73.93097
4012697,40.72889,-73.76151999999999
3276133,40.646103000000004,-73.744587
751424,40.889140999999995,-73.821251
1450881,43.091812,-75.74724599999999
1646022,40.667068,-73.995766
3014752,42.903261,-78.76683299999999
370926,40.778641,-73.231094
2598184,41.542145,-73.713074
2363296,40.768082,-73.904549
3833894,42.87656,-78.78506999999999
2381636,40.548603,-74.22065699999999
1199845,43.269451000000004,-78.649757
2863366,41.197359999999996,-73.80719
3775479,40.823570000000004,-73.87926
1110307,40.650841,-73.948601
3516785,40.732079999999996,-73.87064000000001
3210843,41.414947999999995,-74.42395
2043482,42.405659,-73.53772
2799638,40.74568,-73.76843000000001
1411175,43.160889000000005,-77.589668
1579126,40.720188,-73.781715
3647015,40.80473,-73.29466
219030,42.48172,-73.670097
857109,41.096718,-74.04600500000001
2344024,40.667114,-73.995918
531782,42.662449,-73.764214
1104396,42.933079,-78.79898100000001
2813531,41.15938,-73.77448299999999
3609554,40.79912,-73.48383000000001
4218485,42.888090000000005,-78.76771
1288068,40.691841,-73.393677
4145735,43.23193,-73.69199
2695896,42.978516,-77.232529
691985,40.848389000000005,-73.41153
1203036,43.093609,-73.52877
1365545,42.874432,-78.862663
2039578,40.755573,-73.615776
216706,42.343548,-73.415161
477536,40.987408,-73.670479
213501,40.666903999999995,-73.767021
1095392,40.666889000000005,-73.91194899999999
1314938,41.170326,-74.03119699999999
1931555,40.913956,-73.850494
1939191,40.988483,-73.838943
1342030,43.182152,-77.443382
886409,40.756325,-73.550575
522289,40.737305,-73.851738
1443745,42.383140999999995,-75.184151
201964,40.962253999999994,-73.736137
2028872,41.579193,-73.909103
1117080,43.123272,-75.401398
3036860,40.927489,-73.87946
2769354,40.53666,-74.22421999999999
1133073,43.179199,-77.65933199999999
3433902,40.720707,-73.826419
3888597,40.850609999999996,-73.94108
3190054,41.102331,-73.997865
4182255,40.737051,-73.93190600000001
3432189,42.854393,-78.79108000000001
1777670,42.862865,-73.780396
2158741,40.915203000000005,-73.849327
1856547,43.182266,-77.599274
3850904,42.208999999999996,-73.63837
777743,43.141289,-77.667831
3036519,40.606874,-74.04374200000001
1945694,40.845249,-73.913521
1722188,40.656601,-73.930908
4012109,40.61674,-74.02569
2908407,40.848153,-73.936532
539861,40.768917,-73.064087
519191,43.13081,-77.689819
374060,41.995083,-73.875603
1608250,40.754917,-73.898972
2048242,43.123160999999996,-77.567474
1063375,43.074886,-77.934921
2021869,40.692135,-74.01223
1441480,40.666817,-73.765594
1882581,41.099754,-73.951324
3100237,40.845721999999995,-73.929606
3395070,43.142077,-77.585847
1944119,42.978778999999996,-77.230148
2695814,42.8978,-76.014969
1739319,40.70118,-73.994293
1453361,41.121517,-74.007751
327346,41.744999,-73.58445
3903119,41.533924,-73.79104699999999
1252563,43.13879,-77.69096400000001
3309429,43.088368,-76.348789
3232405,43.139726,-77.596049
1095498,40.926739000000005,-72.657059
3068302,41.002381,-73.691153
3058956,41.388899,-73.544336
3586997,43.22043,-77.82191999999999
1901877,40.894855,-73.861938
2220037,40.876098999999996,-73.870689
4123305,41.00835,-73.79661999999999
2958744,43.098439,-75.237297
2782946,40.67948,-73.70213000000001
755720,43.187309,-77.65905
3902357,42.94135,-78.76626
2226080,40.698765,-73.72715
4210430,40.70097,-73.99471
2982341,43.005911,-74.893459
1054525,40.896671000000005,-73.880585
421188,41.473648,-73.580612
2686450,41.068424,-74.054695
210391,42.117915999999994,-73.714607
1620680,40.789982,-73.192009
2558236,40.886654,-73.815353
3434537,40.849517,-73.942247
2059715,40.856537,-73.826332
2956304,43.130854,-77.659446
3817868,40.83478,-73.86594000000001
3516861,40.84655,-73.93204
1277761,40.84861,-72.987267
214579,40.584084000000004,-73.986694
703743,40.666882,-73.838371
2639611,40.931015,-73.87848699999999
1401635,43.092949,-79.054337
419831,40.894855,-73.861938
1526230,41.093109000000005,-73.80278
1716999,42.870827,-78.845123
3374916,41.099649,-73.950937
1859497,40.845249,-73.914116
375219,40.710991,-73.729691
3440264,43.2157,-77.65902
4142060,40.88921,-73.8152
212991,41.394402,-73.59630600000001
2792641,40.81116,-73.93122
1090097,40.947163,-73.850418
1325548,40.715721,-73.807777
3943291,40.781509,-73.65223399999999
422264,40.782482,-73.097702
2077916,40.857044,-73.917328
197822,40.804676,-73.294731
3847700,42.78971,-73.759282
3587515,41.19018,-73.68769
1092728,41.1035,-74.025612
822248,40.847923,-73.942825
218165,40.585651,-73.93124399999999
1020041,40.757179,-73.721161
911298,40.665501,-73.74754300000001
581439,40.8256,-73.91842700000001
1365829,40.68298,-73.80592299999999
700294,40.57325,-74.146973
1133000,42.635738,-73.759293
1877078,41.062709999999996,-73.86224399999999
605840,40.847931,-73.94281
2784932,41.05321,-73.82233000000001
2510877,42.118725,-75.956512
2272433,42.997269,-77.524231
1491033,41.116219,-74.11216
1864941,41.350196999999994,-73.926292
4111586,40.8454,-73.9256
2507765,43.127075,-77.807182
944963,41.110008,-73.801567
2686340,42.083659999999995,-73.973038
3522576,43.15246,-77.62663
3852208,41.009212,-73.852682
2947168,40.84522,-73.91189
1527530,43.215721,-77.430222
218632,40.743244,-73.837616
218081,42.738365,-73.78363
1585609,43.159721000000005,-77.56626899999999
2620660,40.856388,-73.872375
2453890,40.789970000000004,-73.823463
3578923,40.682179999999995,-73.69168
4094629,40.68714,-73.71784
1406445,41.425983,-73.627922
197103,40.995148,-73.882286
3135135,40.678096000000004,-73.72600899999999
2654771,41.099754,-73.951324
600694,43.181641,-77.637016
1691100,40.79871,-73.110687
1817136,40.671721999999995,-73.73584
3555864,40.78365,-73.40205999999999
1890933,43.155575,-77.621002
4065427,41.009568,-73.808527
3889768,40.65429,-74.00784
2589238,40.786381,-73.794952
513752,40.866158,-73.872047
3720791,40.85024,-73.94506
1558667,40.976788,-73.757271
2862847,40.72603,-73.37758000000001
1352783,40.673981,-73.899323
4138538,43.205852,-77.67019300000001
722549,41.058796,-74.024284
812348,40.746658000000004,-73.96934499999999
4222422,42.840461,-73.94969
2158742,40.797298,-73.92916899999999
374254,41.116394,-74.113045
3869723,41.516355,-74.16447099999999
1561061,42.742271,-73.697624
3324128,43.088489,-75.244376
422600,40.845141999999996,-73.92654399999999
3368544,41.102288,-73.999303
2024077,41.119453,-74.160889
4059267,40.771679999999996,-73.87605
2424020,40.739917999999996,-73.818596
4024056,40.59686,-73.50773000000001
836755,42.248591999999995,-73.88409399999999
2343904,42.515549,-73.78935200000001
1646034,40.807087,-73.925591
3442818,42.74479,-73.64325
1475829,40.65382,-74.006943
1542694,40.813140999999995,-73.93163299999999
3141645,41.196776,-73.807198
4210452,40.74568,-73.76843000000001
906527,43.11792,-75.292328
1742532,40.669388,-73.524132
2564650,43.071461,-73.75177
2678002,43.098534,-77.441971
3959066,43.17242,-73.71138
2577881,41.297638,-73.937347
615473,40.823673,-72.99715400000001
570635,43.092381,-77.67887900000001
2196147,40.806067999999996,-73.24146999999999
1829969,40.737491999999996,-73.593323
205167,40.668541,-73.890175
1568124,40.844879,-73.926109
3038549,40.706536,-74.016239
4045301,40.75436,-73.74277
2351378,40.597137,-73.90735600000001
194466,41.318748,-74.14304399999999
4061754,40.85626,-73.83236
964437,40.725594,-73.897171
204237,40.753483,-73.98088100000001
3166672,40.804774,-73.28814
2918777,43.107978,-75.246184
729949,42.647076,-73.749245
2479496,40.630268,-74.18650799999999
2026513,40.80127,-73.929916
1544967,40.705795,-73.461205
3313775,41.220619,-73.725111
2059543,43.154156,-77.717598
3719227,40.83603,-73.82445
2772190,40.68123,-74.00285
1981056,42.357452,-73.427086
2825593,41.14873,-73.82392
2616519,41.825043,-73.772102
2660102,43.164660999999995,-77.659477
2196033,41.096171999999996,-73.793121
2602269,40.804989,-73.280846
4034235,40.747808,-73.17944399999999
421676,40.96962,-73.870407
2657354,40.707134,-73.42819200000001
1610445,40.610043,-74.033394
2993125,43.087022,-77.629695
195612,41.093445,-73.931496
3923331,40.76229,-73.7292
3109306,40.952329999999996,-73.853507
1348075,40.782108,-73.197304
215344,41.995083,-73.875603
3194123,40.674895,-73.801463
2883484,40.768479,-73.905172
2262500,41.010203999999995,-73.852104
3916732,40.84383,-73.8956
2464117,43.366089,-75.54953
1861964,40.708126,-73.999496
911300,41.075520000000004,-73.802017
375590,40.732338,-73.34603100000001
326852,40.868697999999995,-73.902367
2220024,40.741817,-73.78295899999999
2471324,42.272597999999995,-73.723274
3882100,40.80912,-73.559827
668904,43.05315,-76.12224599999999
1753414,40.968857,-73.81710799999999
3380685,40.857692,-73.917052
422194,40.934653999999995,-73.879021
1300061,43.07267,-77.644562
2509514,40.83683,-73.873703
2238040,40.820972,-73.95881700000001
371357,41.523762,-73.889961
3960599,40.72748,-73.44429000000001
3249537,41.230118,-73.908592
3087447,43.157047,-77.548961
4109380,40.740809999999996,-73.76982
3995798,40.795699,-73.170699
3843450,40.79566,-73.82557
3927494,41.40521,-74.34263
4211870,42.68293,-73.72176999999999
559740,43.142509000000004,-77.54770699999999
1177295,40.718189,-73.40748599999999
3368401,40.844796,-73.905512
2205677,40.743389,-73.837502
1861989,40.69717,-73.981674
3587928,40.716229999999996,-73.82616
3969219,40.72132,-73.39405
539765,42.710232,-73.824486
1972667,43.723682000000004,-73.82151
1110429,40.844788,-73.92546800000001
3007651,41.978406,-74.010525
202422,40.617481,-73.981285
2314586,41.476841,-74.105324
204100,40.901119,-72.38317099999999
1536845,40.738873,-73.795311
3816284,40.99344,-73.80644000000001
2498173,43.206711,-77.675842
219640,40.629803,-73.637352
2498102,43.009388,-75.504692
203475,40.773228,-73.82968100000001
2415783,41.95747,-75.295464
531861,40.755608,-73.47492199999999
215396,40.917049,-73.781097
3470936,41.07558,-73.95094
2824346,40.76675,-73.88763
841934,40.757228999999995,-73.55098000000001
446697,42.728401,-73.796188
4056022,40.78839,-73.53556999999999
216555,40.744553,-73.873772
2077900,40.952324,-73.853394
1339552,42.31966,-75.967934
2042713,40.886654,-73.815353
3878290,41.518959,-73.98675899999999
1836725,40.912827,-73.784492
216854,40.931278000000006,-73.87861600000001
3516660,43.13094,-77.65369
3119109,40.592991,-74.193066
201506,41.311023999999996,-74.122162
3358968,40.846059000000004,-73.930479
766102,42.949474,-78.702972
2819883,40.77964,-73.57014000000001
2205649,40.609959,-73.99945100000001
3039648,41.287652,-73.819168
528340,40.665958,-73.756851
3316262,40.987493,-73.672414
1636599,40.83437,-73.864113
566182,40.839371,-73.412399
580583,40.739815,-73.790329
1415470,43.204246999999995,-77.658829
3611460,40.70136,-73.61533
213611,40.978802,-73.868095
4185615,40.76764,-73.71449
1832912,43.239323,-77.646835
1128934,42.850071,-78.79052
194920,40.72477,-73.258133
3137283,43.052298,-76.125679
219972,42.48172,-73.670097
916405,40.987644,-73.66999100000001
2077758,41.509865000000005,-74.074226
741507,40.603577,-74.067673
1534398,40.766521000000004,-73.92059300000001
3492566,40.70474,-73.82682
3200579,40.845721999999995,-73.929606
1558602,41.080456,-73.922104
3102663,40.783066999999996,-73.553436
1302329,40.773811,-73.676079
3101645,41.32799,-73.686716
718787,40.847931,-73.94281
1393455,40.719425,-73.97496
3478589,40.8565,-73.82651
219073,41.318253000000006,-73.859299
2020295,41.390369,-73.59796899999999
195176,41.062709999999996,-73.86224399999999
4060592,42.858502,-74.026732
601236,40.71727,-73.948982
1896794,40.776989,-73.317551
1864853,41.264126,-73.68420400000001
515200,43.030421999999994,-77.964821
3032533,43.143144,-77.575298
4068096,40.73607,-73.58797
3074841,40.817252,-73.93088900000001
3806815,40.84517,-73.92745
2804967,40.805892,-73.909409
3612761,40.69127,-73.88596
194488,42.742554,-73.69747199999999
375809,41.624233000000004,-73.874207
2357819,42.862686,-73.771927
583453,40.876106,-73.90471600000001
4094632,40.606328999999995,-73.91862900000001
901213,42.635738,-73.759293
888593,41.122147,-73.806923
3853605,40.77098,-73.27991999999999
594850,42.868010999999996,-78.82997900000001
3272244,40.613219,-74.02930500000001
4127322,43.977140000000006,-75.62898
475975,40.817528,-73.803001
3883263,41.13458,-74.16811
1376347,43.030136,-77.964897
4031030,40.7835,-73.61825
1314854,43.075480999999996,-73.84781600000001
1547336,40.875591,-73.156258
2936110,41.197340000000004,-73.68602
2296235,40.853268,-73.411713
819694,40.929455,-73.84833499999999
2268297,40.766498999999996,-73.577919
3539746,41.248709999999996,-74.03690999999999
1475915,41.518028,-73.97438000000001
3889785,41.670024,-73.792587
782017,41.039654,-73.76042199999999
3723762,40.743120000000005,-73.77669
4056859,40.77347,-73.67532
1188777,40.847923,-73.942825
3956384,40.682471,-74.00211
1300187,41.299362,-73.885696
4201157,43.14483,-76.12124
2626537,40.741467,-73.625404
210348,41.982056,-73.522072
2964757,41.938955,-73.75351500000001
2061910,41.05513,-73.810417
1467227,40.987766,-73.670357
1576147,40.847747999999996,-73.942955
901369,40.844788,-73.92546800000001
3775460,40.83478,-73.86594000000001
712956,40.72488,-73.837502
1145963,40.707527,-73.81890899999999
2487662,41.032532,-73.75251
4017534,42.888090000000005,-78.76771
3466406,43.20995,-77.69593
1713301,40.768078,-73.904831
1634492,40.878399,-73.870041
3068121,42.867526,-78.791383
2971958,41.071286,-73.896775
3174645,43.070751,-76.169275
2708496,43.083038,-77.629639
2147730,42.978516,-77.232529
2617778,43.137627,-77.53607199999999
2948819,40.89999,-73.79602
2008831,40.845249,-73.914116
2790836,42.98233,-78.78988000000001
1368047,42.647076,-73.749245
3785453,40.82437,-73.83608000000001
1243227,42.90892,-78.766769
2120859,40.806892,-73.924423
3612694,40.79974,-73.33666
1104563,40.918858,-73.779472
3620098,43.22305,-77.86301
1698214,42.80616,-73.949272
3436433,40.6654,-73.8296
2057093,43.097374,-77.426163
2472582,40.720139,-73.94435899999999
2476887,42.117915999999994,-73.714607
1624900,41.46682,-73.821304
1709095,40.751911,-73.325424
2291909,43.191601,-77.599861
2024074,40.84454,-73.90265699999999
1233221,40.955859999999994,-72.969391
817482,40.687199,-73.595047
4139833,40.765440999999996,-73.079387
2698762,42.917156,-76.400513
813744,43.112675,-75.210442
531804,43.156822,-77.64183
1314961,40.854960999999996,-73.393158
374193,40.944077,-73.80148299999999
198350,41.302959,-73.614487
4164036,40.6659,-73.99604000000001
4142031,40.68343,-73.68624
478765,42.407513,-73.690727
2079996,43.190228000000005,-75.460258
3466536,40.79885,-73.4691
3876837,42.323209999999996,-73.8488
933241,43.052319,-76.125198
1090167,40.717361,-73.477165
3288729,43.092249,-75.221261
326741,40.560513,-74.199478
4194092,40.8116,-73.83595
2757646,41.05746,-73.82185
2296240,40.682961,-73.805679
1153703,40.733158,-73.870659
1772102,40.757175,-73.997238
1213800,43.068771000000005,-77.550888
3367132,40.849689,-73.94211800000001
1211126,42.874519,-78.788368
3399776,41.299871,-73.886414
872334,40.743266999999996,-73.775719
3462375,43.20995,-77.69593
3067928,43.665558000000004,-73.774491
475207,42.683009999999996,-73.721939
2822333,40.84373,-73.89568
1060479,40.736233,-73.910004
516544,41.445805,-74.367317
634763,40.834332,-73.86479200000001
1078410,40.748169,-73.759651
2147731,43.103992,-76.185936
1837454,42.730098999999996,-73.597359
4057293,40.710679999999996,-74.00272
2626489,43.175686,-77.630112
1662792,42.901501,-78.89924599999999
326909,40.727379,-73.82463800000001
2454674,43.169006,-77.64331800000001
2789021,40.59297,-73.90811
2520845,41.539314000000005,-73.771141
3542417,40.94493,-73.84834000000001
4057911,41.084508,-73.832669
4192641,40.834579999999995,-73.87391
1339563,42.901249,-74.118111
1539950,40.931187,-73.85683399999999
2760051,40.79995,-73.33681
598422,40.692291,-73.81084399999999
448005,40.804165000000005,-73.931038
4138010,40.783770000000004,-73.62621999999999
420971,41.295223,-73.677246
3010934,40.679431,-73.87926999999999
792467,41.580887,-73.777214
3645163,40.69209,-73.47001
2962588,40.845126,-73.91324399999999
1488573,40.976715000000006,-73.75683599999999
1996817,40.809399,-73.159492
1785380,41.069866,-71.86103100000001
201270,41.295223,-73.677246
3266866,43.176225,-77.562547
3516661,43.14271,-77.65879
201494,42.753929,-73.93363199999999
2698809,43.110287,-76.197327
1585735,41.34713,-74.199692
3345672,42.699962,-73.84435699999999
327238,42.732628000000005,-73.69811999999999
374664,40.748089,-73.154015
761371,43.107288,-75.418968
1184557,40.68874,-73.364471
2786286,40.73752,-73.85096
205425,40.852734000000005,-73.332314
1570846,40.810711,-73.96713299999999
1254788,41.25235,-73.931824
1934105,40.921581,-73.809692
1769423,40.674381,-73.801598
2674425,40.828316,-73.93111400000001
1715790,43.017887,-74.990112
2437302,40.724167,-73.93763
4105172,40.83297,-73.95014
4021458,42.868109999999994,-78.69696
2541654,40.929584999999996,-73.765511
2304606,42.726711,-73.798805
2080103,40.788895000000004,-73.37305500000001
198677,40.603703,-74.01913499999999
3590731,40.70861,-73.72758
1504709,41.58744,-73.709427
2796913,40.61102,-74.11231
217925,41.524094,-73.890106
4218542,41.237894,-74.17739499999999
3462467,43.14967,-76.12558
765439,40.845345,-73.91350600000001
686084,42.869991,-73.820503
962098,43.122162,-77.647614
2823364,40.74082,-73.83744
2806104,40.78783,-73.37791999999999
1361079,41.700668,-73.96759
2950098,43.09948,-73.75345
3986846,42.92844,-78.76616999999999
1558677,40.746853,-73.969765
2444396,40.804660999999996,-73.263725
4062473,40.71005,-73.960523
476453,40.782818,-73.943871
2908583,40.80567,-73.92144
1604678,42.669678000000005,-73.73761
3385989,40.765682,-73.839443
1333498,40.955376,-73.860725
1753330,40.7005,-73.41233100000001
525789,40.753071000000006,-73.852417
1536662,43.4034,-73.715897
1337935,40.818169,-73.93055
545181,40.716251,-73.821564
3310469,42.933443,-78.766447
2957418,40.694869,-73.99864000000001
326327,40.710907,-73.955963
1777747,41.383224,-73.582382
529995,40.689796,-73.633018
3135282,40.784851,-73.643687
2633726,40.608032,-74.116074
991314,42.874249,-78.787849
370493,41.301369,-73.882408
1934094,40.932594,-73.870956
3465069,41.29294,-73.86811999999999
3347207,42.946467999999996,-78.908904
204993,40.73904,-73.815155
196603,40.845141999999996,-73.92654399999999
888440,43.080261,-75.290627
202621,40.826569,-72.98912
3058449,40.734813,-73.920976
2103727,43.074303,-77.643684
1795181,43.239494,-77.659126
327126,40.83593,-73.870201
2757288,43.074683,-78.994124
2093269,42.814873,-78.793076
1328019,41.331309999999995,-73.68073299999999
4181643,40.73898,-73.73964000000001
1920255,41.318253000000006,-73.859299
2091125,40.923061,-73.822807
3710038,40.72532,-73.93321
1285744,43.112068,-77.6754
1164633,40.803523999999996,-73.915009
3704062,40.72488,-73.8375
1080798,42.393494,-73.82674399999999
1475934,41.045497999999995,-73.792191
194304,42.753929,-73.93363199999999
1891790,40.882221,-73.150757
4026792,43.09239,-76.16462
4075458,44.77595,-74.77795
562735,40.847969,-73.94277199999999
1536701,41.94846,-74.026131
972057,43.117709999999995,-77.635757
201696,40.820026,-73.054344
3881695,43.09948,-73.75345
3817780,40.91597,-73.81204
941131,42.782143,-73.922882
3911008,40.70644,-74.0024
1891863,40.770405,-73.876053
2250267,41.297199,-74.029808
3491025,40.74434,-73.97124000000001
662901,40.780609000000005,-73.470169
3601327,40.65656,-73.58091
1034646,40.707527,-73.81890899999999
4042768,40.714366,-73.830875
4149930,40.77174,-73.87563
2223273,43.164885999999996,-77.691132
2922399,40.712078000000005,-73.96700200000001
1695933,41.70348,-73.951462
1795199,43.077007,-76.480835
4075479,40.68799,-73.59273
201067,40.697338,-73.88755
209160,41.043246999999994,-73.83584599999999
200037,40.856388,-73.872375
2162332,42.201454,-73.50859100000001
1497252,40.716114000000005,-73.82592
1087312,42.421192,-73.548874
762875,40.834332,-73.86479200000001
661066,40.844788,-73.92546800000001
882215,40.826519,-72.989059
209169,41.062709999999996,-73.86224399999999
419908,41.05513,-73.810417
2407531,43.044964,-76.14275400000001
3318069,43.114963,-77.616265
2713866,42.928207,-78.89872
1206422,40.784607,-73.647362
421297,41.292274,-73.821365
2704524,43.092579,-77.665962
326728,41.171925,-74.032814
2120843,40.635937,-74.075836
2088696,43.072338,-76.207962
420296,40.830223,-73.85063199999999
671031,41.437709999999996,-73.916481
2444310,40.682961,-73.805679
373568,41.148933,-74.025017
475521,41.264126,-73.68420400000001
3267209,43.15654,-77.638888
477652,41.524155,-73.889679
2103779,41.235138,-74.033875
2958379,40.985752000000005,-73.684712
1335503,42.874016,-78.860054
1070046,42.699371,-73.708946
1415451,42.649196999999994,-73.84796899999999
847591,43.159321000000006,-77.638863
1570641,42.948555,-73.790276
4011650,41.156420000000004,-73.77705999999999
2802678,40.74666,-73.73637
1636571,43.123470000000005,-75.401237
3594972,40.80007,-72.78974000000001
580570,40.844788,-73.92546800000001
2824641,40.710679999999996,-74.00272
1810457,40.748028000000005,-73.96817
2056923,43.003693,-78.412064
884378,40.783321,-73.62281
3104599,40.747862,-73.968322
219423,40.825592,-73.19998199999999
1948141,40.849945,-73.94445
903674,42.946709000000006,-74.35955
3590451,40.9148,-73.7829
2509479,43.097229,-73.754013
2820609,40.894009999999994,-73.86256
4120436,40.85468,-73.91859000000001
2170020,43.054825,-75.271194
3039752,40.814734,-73.928986
2492314,41.295963,-73.907127
1739019,43.093369,-77.544823
3358609,41.013346000000006,-73.70499000000001
476294,42.489471,-73.678101
3144158,40.786668,-73.38709399999999
2198647,43.092888,-76.089722
